Company,Category,Country
Barcelona Convention Bureau,CB,spain
Belgium - Visit.Brussels Convention Bureau,CB,belgium
Cologne Convention Bureau – Kölntourismus Gmbh,CB,germany
Convention Bureau Düsseldorf,CB,germany
Convention Bureau Lower Austria,CB,austria
Convention Bureau Upper Austria,CB,austria
Czechtourism - Czech Convention Bureau,CB,czech republic
Edinburgh Conference Centre,CC,united kingdom
Helsinki Convention Bureau,CB,finland
Luxembourg For Tourism,TO,luxembourg
Montenegro Convention Bureau,CB,montenegro
Paris Convention& Visitors Bureau,CB,france
Poland Convention Bureau Polish Tourist Organisation,CB,poland
Prague Congress Centre,CC,czech republic
Salzburg Congress,CC,austria
Slovenian Convention Bureau,CB,slovenia
Visit Wales,TO,united kingdom
Visitberlin Berlin Convention Office,CB,germany
Visitoslo - Oslo Visitors And Convention Bureau,CB,norway
Visitscotland Business Events,CB,united kingdom
Wales International Convention Centre,CB,united kingdom
Warsaw Convention Bureau,CB,poland
NÜRNBERG CONVENTION BUREAU,CB,germany
ITALY - CONVENTION BUREAU ITALIA,CB,italy
KRAKOW CONVENTION BUREAU,CB,poland
MALLORCA CONVENTION BUREAU,CB,spain
"ZÜRICH TOURISM, CONVENTION BUREAU",CB,switzerland
LEIDEN CONVENTION BUREAU,CB,netherlands
LILLE CONVENTION BUREAU,CB,france
Dubrovnik Convention Bureau,CB,croatia
Opatija Convention & Incentive Bureau,CB,croatia
Warsaw Tourism Office,TO,poland
“East Tour” Co.Ltd./ Восток тур,TA,russia
TC Parusa/ ТК Паруса,TA,russia
Baikalskaya Visa Avia/ Байкалская Виза Авиа,TA,russia
Taiga/ Тайга,TA,russia
Russia Discovery,TA,russia
HOLIDAY INN AMSTERDAM,H,netherlands
HOTEL BLOOM!,H,belgium
HOTEL METROPOLE BRUSSELS,H,belgium
HYATT REGENCY AMSTERDAM,H,netherlands
HYATT REGENCY ARUBA RESORT & CASINO,R,netherlands
INK HOTEL AMSTERDAM,H,netherlands
MARRIOTT HOTELS BRUSSELS,CH,belgium
MONDORF PARC HOTEL,H,luxembourg
MÖVENPICK HOTEL AMSTERDAM CITY CENTRE,H,netherlands
NH HOTEL GROUP BENELUX,CH,belgium
NH HOTELS THE NETHERLANDS,CH,netherlands
NOVOTEL & MERCURE AMSTERDAM,H,netherlands
ROCCO FORTE HOTEL AMIGO,H,belgium
Mainport hotel,H,netherlands
SOFITEL BRUSSELS,H,belgium
JAZ HOTEL AMSTERDAM,H,netherlands
Manufaktura Ślubów,WP,poland
Art of Wedding,WP,poland
Właściciel Agencji Ślubnej,WP,poland
Your Perfect Wedding,WP,poland
Perfect Day Wedding Planners,WP,poland
Wedding Avenue,WP,poland
Kraina Ślubów,WP,poland
Agencja Ślubna Sroczyńscy,WP,poland
Say Yes! Wedding Company,WP,poland
Wedding Dreams Studio,WP,poland
Wedding Creation,WP,poland
Passion For Wedding,WP,poland
Wesele z Fantazją,WP,poland
Beautifulday - pierwsza agencja ślubna,WP,poland
Agencja ślubna PERFECT MOMENTS,WP,poland
Wesela Marzeń,WP,poland
Wedding Heaven,WP,poland
Akademia Aspire,WP,poland
Love Story Events,WP,poland
Spanish Wedding Planner ,WP,spain
Reviva ,WP,spain
Boutique Wedding Spain ,WP,spain
JK Wedding Planners ,WP,spain
The Perfect Spanish Wedding ,WP,spain
Caprichia ,WP,spain
Romance Bodas ,WP,spain
VIP Weddings Spain ,WP,spain
Marbella Bride ,WP,spain
Marbella Wedding Angels ,WP,spain
Wednesday Wedding Planner ,WP,spain
Fiesta Sol ,WP,spain
Marbella Family Fun ,WP,spain
Tu Dia Perfecto ,WP,spain
The Wedding Service Spain ,WP,spain
Euphoria Global Evets,WP,spain
Lyndy Loo in Spain,WP,spain
Ann Smyth Weddings,WP,spain
Mediterranean Weddings & Events,EP,spain
Marile Eventos Wedding Planners,WP,spain
Barcelona Exclusive Weddings,WP,spain
Seven Weddings,WP,spain
Bodas de Cuento,WP,spain
D-Bodas,WP,spain
El Sofa Amarillo,WP,spain
Fueron Felices,WP,spain
"Miss Mrs, mucho más que una boda",WP,spain
VIP Wedding Planner,WP,spain
Elite Bodas,WP,spain
Alquimista de Bodas,WP,spain
Dia D-Ibiza,WP,spain
Las Brujas Eventos,WP,spain
Casate en Canarias,WP,spain
Hard Rock Tenerife,WP,spain
Isla del Burguillo,WP,spain
Finca Isla Minima,WP,spain
Bodas en Mallorca,WP,spain
La Talaia,WP,spain
Hotel Hard Rock Ibiza,WP,spain
Canlluc,WP,spain
Mijyorn Ibiza Suites & Spa,WP,spain
Aguas de Ibiza,WP,spain
Elixir Ibiza,WP,spain
Cotton Beah Club,WP,spain
3 Vents,WP,spain
Paradores,WP,spain
Яркие события,TA,russia
Жива-Курорт,TA,russia
Прайд,TA,russia
Hiptour,TA,russia
Dorado Travel,TA,russia
42 Меридиан,TA,russia
Assaurtur,TA,russia
Алексмартур,TA,russia
Слетать.ру,TA,russia
География,TA,russia
HAPPY LAND,TA,russia
Голубая Птица,TA,russia
Артфлот,TA,russia
Sunmar,TA,russia
Плутон,TA,russia
Майс,TA,russia
Мейджик тур,TA,russia
A&B travel club,TA,russia
FELINA-TRAVEL,TA,russia
Агентство Международного Туризма и Культуры,TA,russia
АДМ,TA,russia
ООО «Альмар»,TA,russia
Альянс Трэвел Компани,TA,russia
Белые ночи,TA,russia
Бизнес-Петербург,TA,russia
Блю дримз,TA,russia
ВИД,TA,russia
ВодоходЪ,TA,russia
Вокруг света,TA,russia
ГЕРР ПИТЕР,TA,russia
Давранов-Тревел,TA,russia
ДараАлекс,TA,russia
Дюйм,TA,russia
ЕВА,TA,russia
Золотой ключ и Ко,TA,russia
Интел-Т,TA,russia
ИТС тур,TA,russia
Коминтур,TA,russia
Космос-Лимитед,TA,russia
Курортное агентство плюс,TA,russia
ЛАДЬЯ,TA,russia
Лена-тур,TA,russia
Международный центр культурного и делового сотрудничества,TA,russia
Музыка путешествий,TA,russia
Невские Сезоны,TA,russia
Невский парадиз,TA,russia
ОРБИТА-ТУР,TA,russia
Парадиз тур,TA,russia
Параллель 60,TA,russia
Параллельный Мир,TA,russia
Первые Линии,TA,russia
Пилигрим,TA,russia
ПитерТвой,TA,russia
Профсоюзная туристическая компания,TA,russia
Райзебюро ВЕЛЬТ,TA,russia
Санкт-Петербургский туристский клуб,TA,russia
С видом на Неву,H,russia
СЕРЕБРЯНОЕ КОЛЬЦО,TA,russia
Слон Тур,TA,russia
Совет по туризму и экскурсиям Санкт-Петербурга,TA,russia
Софинтур,TA,russia
Тройка-райзен,TA,russia
Туризм и Отдых,TA,russia
ФОРТУНА,TA,russia
Фремад Раша ,TA,russia
Центр Делового Туризма,TA,russia
Эклектика,TA,russia
Экотур,TA,russia
Экста лтд,TA,russia
Юность туроператор,TA,russia
"""ДАЛЬТУРАГЕНТСТВО""",TA,russia
"""Камчатка Лэнд""",TA,russia
"""ОЛФИ-ТУРС""",TA,russia
«ПРИМОРСКОЕ АЭРОАГЕНТСТВО»,TA,russia
"""АБОРИГЕН-ТУР""",TA,russia
"""АйронКам""",TA,russia
"""СОЛНЕЧНЫЙ ВЕТЕР""",TA,russia
"""Орлан""",TA,russia
"""ПЕРВОЕ ТУРИСТИЧЕСКОЕ АГЕНТСТВО""",TA,russia
"""ПУТНИК ТРЕВАЛ ЭНД ТУР""",TA,russia
"""РЕГИОНКАМТУР""",TA,russia
"""Санрайз""",TA,russia
"""Тулуач""",TA,russia
«HAPPY TOUR»,TA,russia
«Алекс Тур»,TA,russia
«ТРАНСАЭРО ТУРС-КАМЧАТКА»,TA,russia
«ВАЯР ТУР»,TA,russia
«ФЭМИЛИ ТУР»,TA,russia
СИРЕНА,TA,russia
"""Фиеста Джорни""",TA,russia
"""МАРИНА-ТУР""",TA,russia
РЫЖИЙ КОТ,TA,russia
«КАМЧАТКА-ЭТНО»,TA,russia
"«МАНДАРИН» - франчайзинговое агентство ""PEGAS TOURISTIK""",TA,russia
«ТАУРУС ТРЕВЕЛ»,TA,russia
Oliver's Travels,WP,united kingdom
Venessa & Caroline ,WP,france
Weddings of Excellence in Provence ,WP,france
The Twelve Events ,EP,greece
Greek Weddings ,WP,greece
Stella & Moscha ,WP,greece
De Plan V ,WP,greece
Weddings in Paros ,WP,greece
Chic and Stylish ,WP,greece
Acrotel ,EP,greece
Weddings Santorini,WP,greece
Best Moments ,WP,greece
Greece Me Now ,WP,greece
Alexandras Dream Weddings ,WP,greece
True Greece,WP,greece
The Diamond Rock Venue - Weddings,WP,greece
Rocabella Santorini Hotel ,WP,greece
Dana Villas ,WP,greece
Heliotopos Hotel ,WP,greece
Fabio Zardi,WP,greece
Island Blue Hotel,WP,greece
La Maltese Estate Villa,WP,greece
Santorini Reflexions Volcano,WP,greece
Atrium Palace Thalasso Spa Resort & Villas,R,greece
Suites of the Gods Spa Hotel,WP,greece
Aenaon Villas,WP,greece
Kassandra Bay Resort & SPA,R,greece
Christy's Beach Villas,WP,greece
Lindia Thalassa Resort,R,greece
Aneroussa Beach Hotel,WP,greece
Stella Palace Resort & Spa,R,greece
Zoumis Studios,WP,greece
Cliff Side Suites,WP,greece
Wedding in Greece ,WP,greece
Santorini Princess,WP,greece
Divine Wedding Santorini,WP,greece
Melenos Lindos Hotel,H,greece
Sentido Alexandra Beach Resort,R,greece
Weddings in Paros,WP,greece
Mood Effects ,WP,greece
Marry me in Greece ,WP,greece
True Greece ,WP,greece
White. Weddings and Events ,WP,greece
Rui Mota Pinto,WP,portugal
Hichted Portugal ,WP,portugal
Algrave Wedding Planners,WP,portugal
Prenuncio De Festa ,WP,portugal
Vrde aos Molhos ,WP,portugal
Arena do Tempo,WP,portugal
TFY Weddings ,WP,portugal
Maria Papoila ,WP,portugal
Diamonds Events ,WP,portugal
Tales Dings in Portugal ,WP,portugal
Visi Vici ,WP,portugal
Studio Victoria ,WP,portugal
Italyweddings,WP,italy
EMA Giangreco Weddings,WP,italy
Italian Wedding Designer,WP,italy
Weddings in Tuscany by Chiara Sernesi,WP,italy
Chicweddingsinitaly,WP,italy
All Design Events Planner in Tuscany,EP,italy
Wedding in Tuscany ,WP,italy
Bodas en Italia ,WP,italy
Angelo Garini,WP,italy
Cira Lombardo ,WP,italy
Giorgia Fantin Borghi,WP,italy
Maria Macchiarella ,WP,italy
SposiAmo,WP,italy
Wedding & Event Planner di Veronica Ursida,WP,italy
Il Mio Matrimonio ,WP,italy
Lillà Bianco Weddings,WP,italy
Stylon ,WP,italy
Wedding Venice ,WP,italy
Enzo Miccio ,WP,italy
ATAHOTELS SPA,CH,italy
BATANI SELECT HOTELS,CH,italy
CROWNE PLAZA ROME ST PETER'S,CH,italy
DOMINA ZAGARELLA SICILY HOTEL,WP,italy
DUE LUNE RESORT GOLF & SPA,R,italy
EDEN HOTELS & RESORTS,R,italy
GRAND HOTEL DINO,H,italy
HOTEL CAESIUS THERMAE & SPA RESORT,R,italy
HOTEL MONACO & GRAND CANAL,H,italy
HOTEL NETTUNO,H,italy
HOTEL RIPA ROMA,H,italy
NYX Milan,H,italy
SENTIDO Cypria Bay by Leonardo,H,cyprus
Leonardo Laura Beach & Splash Resort,R,cyprus
Leonardo Plaza Cypria Maris Beach Hotel & Spa,H,cyprus
Hotel Gran Atlanta Madrid,H,spain
Leonardo Boutique Hotel Madrid,H,spain
OSPITALITÀ A BOLOGNA,H,italy
HOTEL COMO,H,italy
SHERATON PARCO DE MEDICI ROME HOTEL,H,italy
HILTON LAKE COMO HOTEL,H,italy
Chateau de Blomac,WP,france
Chateau La Tour Vaucros,WP,france
Chateau Lagorce ,WP,france
Et Volia Weddings ,WP,france
Le Mariages de Mademmoiselle,WP,france
Lucy Till French Weddings ,WP,france
Ooh la la! France,WP,france
Lavender and Rose ,WP,france
Marjorie Burgarella,WP,france
Wanderlust Wedding ,WP,france
Provence Weddings ,WP,france
Haute Wedding ,WP,france
Eternal Event,EP,france
Magic Day Events ,EP,france
White Lebel Studio ,WP,france
La Fabrique a Reves,WP,france
Cindy Chevauchet,WP,france
Polsko-Azjatycka Izba Turystyki,TO,poland
Polska Izba Turystyki,TO,poland
Izba Turystyki Rzeczypospolitej Polskiej,TO,poland
Izba Gospodarstwa Hotelarstwa Polskiego,TO,poland
Polskie Towarzystwo Krajoznawcze PTTK,TO,poland
Polskie Towarzystwo Schronisk Młodzieżowych,TO,poland
Hungarian National Tourist Office,TO,hungary
Hungary Tourism Destination Management Association ,TO,hungary
Hungarian Tourist Association,TO,hungary
Czech Republik - Land of Stories,TO,czech republic
United Nations Information Centre Prague,TO,czech republic
Croatia HR ,TO,croatia
Croatian National Tourist Office Antor ,TO,united kingdom
Main Tourist Agencies in Croatia,TO,croatia
Tourist Board of Split,TO,croatia
Italian Tourism Official Website,TO,italy
Turismo Milano,TO,italy
Tourist Information Office,TO,greece
National Greece Tourism Offices around the World ,TO,greece
Antor Greek National Tourism Organisation ,TO,greece
Greek National Tourism Organization,TO,greece
Croatian National Tourist Office Board,TO,croatia
Pazola.com,TO,poland
Uniline Travel Company,TO,croatia
Huck Finn,TO,croatia
Amber Travel,TO,croatia
Travelana,TO,croatia
VMD Adventure Travel ,TO,croatia
Petors ,TO,croatia
Eklata,TO,croatia
Katarina Line Croatia,TO,croatia
Etno Art Travel ,TO,croatia
Illustris Travel,TO,croatia
Kompas ,TO,croatia
Elite Travel Croatia ,TO,croatia
Atlas Rabac ,TO,croatia
Omnivia ,TO,croatia
Solen Travel,TO,croatia
Adriatic ,TO,croatia
Signature Travel,TO,greece
Thiamis Tours ,TO,greece
Pyramidstravel,TO,greece
Greeka,TO,greece
Serbia Travel ,TO,serbia
TUi Travel,TO,italy
Centrum Usług Turystycznych ,TO,poland
Adriatic Weddings Croatia,WP,croatia
Weddings Croatia ,WP,croatia
Hvar Beach Weddings,WP,croatia
Cloe & Nathan ,WP,croatia
Dreamtime,WP,croatia
Luxuria Eventum ,EP,croatia
Dubrovnik Luxury Weddings,WP,croatia
Kazbek Dubrovnik ,EP,croatia
Life Stories Wedding,WP,croatia
Glamorous Weddings Dubrovnik,WP,croatia
Simple Tapestery,WP,croatia
Dubrovnik Destination Wedding,WP,croatia
Dubrovnik Dream ,WP,croatia
TZ Dubrovnik,WP,croatia
Catherine Whitworth,WP,croatia
Sasa Tomic,WP,croatia
Dalmatia Events ,EP,croatia
Yes I Du ,WP,croatia
Wed our Way ,WP,croatia
Dubrovnik Luxury Weddings ,WP,croatia
Promessi Weddings & Events ,EP,croatia
Do You Wed Me,WP,croatia
Wedding in Croatia ,WP,croatia
HVAR Beach Weddings ,WP,croatia
Untamed Adriatic,WP,croatia
Dubrovnik Marry Me ,WP,croatia
Lela Design ,WP,croatia
Gettzy Photo,WP,croatia
Flammeum ,WP,croatia
THE RITZ-CARLTON,H,germany
11 Mio Matrimonio,WP,italy
Enzo Miccio Wedding Planner,WP,italy
VIP Weddings,WP,spain
Euphoria Global Events,EP,spain
Fantasiawed,WP,greece
Wedding Luxe,WP,italy
Getting Married in Italy,WP,italy
Anna Francisco,WP,italy
Il Cerimoniere Italian Weddings - Travelitalia,WP,italy
Iljada,TO,croatia
Happy Endings Barcelona,WP,spain
Hyperion Hotel Basel,H,switzerland
A Tipica,WP,spain
Reginal Hotels,CH,italy
Dimond Events ,WP,greece
Wedding in Greece,WP,greece
Wedding In Paros,WP,greece
Tina Citarella Event Planner,WP,italy
Fantasia Weddings ,WP,greece
Lindian Jewel Hotel and Villas,H,greece
The Diamond Rock Santorini ,WP,greece
Wedlock Planning,WP,portugal
Bond Business and Life Events,EP,greece
Angel Lion Weddings and Events,EP,italy
Style A Wedding,WP,italy
SHERATON PARCO DE' MEDICI ROME HOTEL,H,italy
"HOTEL GRANDE BRETAGNE, A LUXURY COLLECTION HOTEL, ATHENS",H,greece
Tours for u,TA,portugal
Mediterranean Weddings,WP,spain
Yes I Du,WP,croatia
White Emotion,WP,italy
Teleferic Grand Hotel,H,italy
Sandoz Hotels,CH,czech republic
Reviva Weddings,WP,spain
Tales Weddings in Portugal,WP,portugal
Studio Victoria,WP,portugal
Premier Luxury Mountain Resort,R,bulgaria
Government Organization in Yerevan,TB,armenia
Development Foundation of Armenia,TB,armenia
BELGIAN TOURST BOARD,TB,belgium
BULGARIAN MINISTRY OF TOURISM,TB,bulgaria
CYPRIAN TOURIST BOARD,TB,cyprus
VISIT DENMARK (DANISH TB),TB,denmark
FRANCE FR (FRENCH TB),TB,france
GERMAN TOURIST BOARD,TB,germany
VISIT GREECE,TB,greece
VISIT LUXEMBOURG NATIONAL TB,TB,luxembourg
Ministry of Sustainable Development and Tourism,TB,montenegro
VISIT NORWAY (NORWEGIAN TB),TB,norway
PORTUGESE CONSULATE,TB,portugal
SERBIA TRAVEL (SERBIAN TB),TB,serbia
MY SWITZERLAND,TB,switzerland
TURKISH TOURIST BOARD,TB,turkey
VISIT BRITIAN (BRITISH TB),TB,united kingdom
"Premier Luxury Mountain Resort, Bansko",H,bulgaria
Radisson Blu Hotels,H,bulgaria
Kempinski Hotel Grand Arena Bansko,H,bulgaria
mOdus Hotel,H,bulgaria
Hotel Saint George Palace Bansko,H,bulgaria
Thracia Hotel,H,bulgaria
Premier Fort Beach Aparthotel,H,bulgaria
Hotel Lion Borovetz,H,bulgaria
Hotel Anel,H,bulgaria
Hotel Ego,H,bulgaria
Central Park Hotel,H,bulgaria
DIT Majestic Beach Resort,R,bulgaria
Les Fleurs Boutique Hotel,H,bulgaria
Mimosa Sunshine hotel,H,bulgaria
Grifid Hotels,H,bulgaria
FPI Hotels & resorts,CH,bulgaria
Hotel Niky,H,bulgaria
Barceló Hotel group,CH,spain
Holiday Inn Sofia - part of IHG hotels,H,bulgaria
Sol Nessebar Mare - part of Melia hot Int,H,bulgaria
Hotel Gurko,H,bulgaria
Best Western Plus Bristol Hotel,H,bulgaria
8 1/2 Art Guest House,H,bulgaria
Remarkable Rwanda,TB,rwanda
"The Galadari hotel, Colombo, Sri Lanka.",H,sri lanka
Sri Lankan Footprints,TA,sri lanka
Cyprus high Commission,TA,cyprus
Osaka Conventional and Tourism Bhutan,TB,bhutan
SRI LANKA TOURISM PROMOTION BUREAU,TB,sri lanka
Lama Tours,TA,uae
Discovery Travel and Tourism,TA,uae
Zagreb Tourist Board,TB,croatia
HYPERION HOTEL BASEL,H,switzerland
ABBIT MEETING INNOCATION,H,belgium
ACCOR THE NETHERLANDS,CH,netherlands
ACCORHOTELS BELGIUM,H,belgium
AMSTERDAM MARRIOTT HOTELS,H,netherlands
APOLLO HOTELS,H,netherlands
CARLTON AMBASSADOR,H,netherlands
CROWNE PLAZA AMSTERDAM SCHIPHOL & HOLIDAY INN AMSTERDAM,H,netherlands
HILTON BELGIUM,H,belgium
